Time (s),Bx (µT),Bz (µT)
0.009999999776482582,-14.351408004760742,-2.0255470275878906
0.019999999552965164,-14.111406326293945,-2.0255470275878906
0.029999999329447746,-13.944449424743652,-1.9865552186965942
0.03999999910593033,-13.816622734069824,-2.2335033416748047
0.05000000074505806,-13.250532150268555,-3.6034162044525146
0.05999999865889549,-13.154009819030762,-3.2576887607574463
0.07000000029802322,-13.015748023986816,-3.026337146759033
0.07999999821186066,-12.780963897705078,-3.2290947437286377
0.09000000357627869,-12.441831588745117,-3.6086151599884033
0.10000000149011612,-12.037481307983398,-2.8833670616149902
0.10999999940395355,-11.481825828552246,-3.6658031940460205
0.11999999731779099,-10.970518112182617,-3.8971545696258545
0.12999999523162842,-10.519210815429688,-4.086915016174316
0.14000000059604645,-10.193121910095215,-4.663993835449219
0.15000000596046448,-10.273992538452148,-5.308658599853516
0.1599999964237213,-10.135730743408203,-5.298260688781738
0.17000000178813934,-9.921815872192383,-4.801764965057373
0.18000000715255737,-9.773119926452637,-4.606805801391602
0.1899999976158142,-9.741815567016602,-5.272266387939453
0.20000000298023224,-9.499204635620117,-6.078097343444824
0.20999999344348907,-9.32702922821045,-6.603187084197998
0.2199999988079071,-8.867897033691406,-7.580582141876221
0.23000000417232513,-8.307024002075195,-8.183655738830566
0.23999999463558197,-7.8244123458862305,-7.718353271484375
0.25,-6.611361503601074,-8.92710018157959
0.25999999046325684,-6.415708065032959,-9.595160484313965
0.27000001072883606,-6.603535175323486,-9.691340446472168
0.2800000011920929,-6.874841213226318,-9.475584983825684
0.28999999165534973,-7.047016143798828,-9.330015182495117
0.30000001192092896,-7.3704962730407715,-9.410598754882812
0.3100000023841858,-7.563541412353516,-9.101263999938965
0.3199999928474426,-7.902673721313477,-9.405400276184082
0.33000001311302185,-8.270502090454102,-10.034467697143555
0.3400000035762787,-8.343545913696289,-10.0266695022583
0.3499999940395355,-8.181805610656738,-9.784919738769531
0.36000001430511475,-7.832238674163818,-10.416587829589844
0.3700000047683716,-7.6783246994018555,-10.80390739440918
0.3799999952316284,-7.696585178375244,-10.619345664978027
0.38999998569488525,-7.534845352172852,-10.135847091674805
0.4000000059604645,-6.968754768371582,-10.538762092590332
0.4099999964237213,-6.822667121887207,-11.06125259399414
0.41999998688697815,-6.822667121887207,-11.001465797424316
0.4300000071525574,-6.822667121887207,-10.530963897705078
0.4399999976158142,-6.822667121887207,-10.933878898620605
0.44999998807907104,-6.900928497314453,-10.55695915222168
0.46000000834465027,-7.440931797027588,-10.611547470092773
0.4699999988079071,-7.986152172088623,-10.780511856079102
0.47999998927116394,-8.372241973876953,-10.939078330993652
0.49000000953674316,-9.01920223236084,-11.422576904296875
0.5,-9.439204216003418,-11.7553071975708
0.5099999904632568,-9.788771629333496,-12.186817169189453
0.5199999809265137,-9.976598739624023,-12.805486679077148
0.5299999713897705,-10.107034683227539,-13.61131763458252
0.5400000214576721,-10.915735244750977,-14.41714859008789
0.550000011920929,-11.432260513305664,-15.295764923095703
0.5600000023841858,-12.021828651428223,-16.234167098999023
0.5699999928474426,-12.543571472167969,-17.325939178466797
0.5799999833106995,-12.856616020202637,-18.60487174987793
0.5899999737739563,-13.099226951599121,-19.813617706298828
0.6000000238418579,-13.834882736206055,-21.232921600341797
0.6100000143051147,-14.296625137329102,-22.090740203857422
0.6200000047683716,-14.596627235412598,-22.917367935180664
0.6299999952316284,-14.9305419921875,-24.336669921875
0.6399999856948853,-14.607062339782715,-25.464834213256836
0.6499999761581421,-14.758366584777832,-26.52541160583496
0.6600000262260437,-15.047933578491211,-27.198671340942383
0.6700000166893005,-15.240979194641113,-27.627580642700195
0.6800000071525574,-15.175761222839355,-28.157869338989258
0.6899999976158142,-15.337501525878906,-29.366615295410156
0.699999988079071,-15.629676818847656,-30.380403518676758
0.7099999785423279,-15.731416702270508,-31.833498001098633
0.7200000286102295,-15.603589057922363,-33.14882278442383
0.7300000190734863,-15.363588333129883,-33.22940444946289
0.7400000095367432,-15.201848030090332,-35.727481842041016
0.75,-15.66619873046875,-36.728271484375
0.7599999904632568,-15.687068939208984,-37.66667556762695
0.7699999809265137,-15.20445728302002,-38.54009246826172
0.7799999713897705,-14.961846351623535,-38.21775817871094
0.7900000214576721,-15.285326957702637,-37.976009368896484
0.800000011920929,-14.64880084991455,-38.93001174926758
0.8100000023841858,-13.678359985351562,-39.637062072753906
0.8199999928474426,-12.671398162841797,-39.70984649658203
0.8299999833106995,-11.539216995239258,-40.03217697143555
0.8399999737739563,-10.250514030456543,-39.73064041137695
0.8500000238418579,-9.645293235778809,-39.80862808227539
0.8600000143051147,-9.02963638305664,-40.30512237548828
0.8700000047683716,-8.10615348815918,-40.892601013183594
0.8799999952316284,-7.378322601318359,-40.57026672363281
0.8899999856948853,-6.499186992645264,-39.34332275390625
0.8999999761581421,-6.102662563323975,-38.981998443603516
0.9100000262260437,-5.907009124755859,-38.9949951171875
0.9200000166893005,-5.586137771606445,-38.862422943115234
0.9300000071525574,-4.858307361602783,-38.45950698852539
0.9399999976158142,-4.7148284912109375,-37.3287467956543
0.949999988079071,-4.112215995788574,-36.37994384765625
0.9599999785423279,-3.3478634357452393,-35.51172637939453
0.9700000286102295,-2.792207956314087,-34.51353454589844
0.9800000190734863,-2.3069875240325928,-33.30479049682617
0.9900000095367432,-1.258285641670227,-32.44697189331055
1,-0.6217600107192993,-32.184425354003906
1.0099999904632568,-0.3556714653968811,-31.607343673706055
1.0199999809265137,-0.13914841413497925,-29.912500381469727
1.0299999713897705,0.5886820554733276,-28.94550323486328
1.0399999618530273,0.9773800373077393,-28.046091079711914
1.0499999523162842,1.3947738409042358,-27.48720932006836
1.059999942779541,1.9321684837341309,-26.852943420410156
1.0700000524520874,2.5634765625,-25.600004196166992
1.0800000429153442,2.9678268432617188,-24.874757766723633
1.090000033378601,3.1113059520721436,-23.62961769104004
1.100000023841858,3.280872106552124,-23.055137634277344
1.1100000143051147,3.3826119899749756,-22.971954345703125
1.1200000047683716,3.1478278636932373,-22.449464797973633
1.1299999952316284,3.1478278636932373,-20.757221221923828
1.1399999856948853,3.2730460166931152,-20.18794059753418
1.149999976158142,3.18435001373291,-19.8214168548584
1.159999966621399,2.9443485736846924,-19.254735946655273
1.1699999570846558,2.9443485736846924,-18.448904037475586
1.1799999475479126,2.2973880767822266,-18.045988082885742
1.190000057220459,1.590427279472351,-18.240947723388672
1.2000000476837158,1.058250069618225,-17.6690673828125
1.2100000381469727,0.7712918519973755,-16.293956756591797
1.2200000286102295,0.6095517873764038,-15.729873657226562
1.2300000190734863,0.5260729789733887,-16.17957878112793
1.2400000095367432,0.904336154460907,-16.03400993347168
1.25,1.1782509088516235,-15.339956283569336
1.2599999904632568,1.1286853551864624,-14.339164733886719
1.2699999809265137,1.2095553874969482,-13.533334732055664
1.2799999713897705,1.3660781383514404,-11.747509002685547
1.2899999618530273,1.5826011896133423,-10.276217460632324
1.2999999523162842,1.5878185033798218,-9.02068042755127
1.309999942779541,1.290425419807434,-7.837928771972656
1.3200000524520874,1.1286853551864624,-6.790348052978516
1.3300000429153442,1.3321648836135864,-4.50542688369751
1.340000033378601,1.1573811769485474,-2.3998684883117676
1.350000023841858,0.8469445109367371,-0.21632622182369232
1.3600000143051147,0.6852043867111206,2.3103442192077637
1.3700000047683716,0.5234642624855042,4.486087799072266
1.3799999952316284,0.07998333871364594,7.363685131072998
1.3899999856948853,-0.008712849579751492,10.197091102600098
1.399999976158142,0.2965063750743866,13.051292419433594
1.409999966621399,0.870422899723053,16.19923210144043
1.4199999570846558,1.517383337020874,20.14780616760254
1.4299999475479126,2.2999966144561768,22.947418212890625
1.440000057220459,2.920870065689087,25.526077270507812
1.4500000476837158,3.3017420768737793,28.182720184326172
1.4600000381469727,3.484351873397827,30.930343627929688
1.4700000286102295,3.969572067260742,32.62259292602539
1.4800000190734863,4.193921089172363,34.76974105834961
1.4900000095367432,4.355661392211914,36.40739440917969
1.5,4.353052616119385,37.605743408203125
1.5099999904632568,3.9513111114501953,39.03024673461914
1.5199999809265137,3.627830743789673,42.092403411865234
1.5299999713897705,3.1791324615478516,43.2205696105957
1.5399999618530273,2.5686941146850586,43.82624053955078
1.5499999523162842,1.8826029300689697,44.782840728759766
1.559999942779541,1.3165125846862793,46.636253356933594
1.5700000524520874,1.3973826169967651,46.636253356933594
1.5800000429153442,1.2982516288757324,47.832000732421875
1.590000033378601,1.058250069618225,49.59962844848633
1.600000023841858,0.8260747790336609,51.460838317871094
1.6100000143051147,0.9069448709487915,53.07250213623047
1.6200000047683716,0.6747695803642273,52.890541076660156
1.6299999952316284,0.3173760771751404,53.33504867553711
1.6399999856948853,0.09563560783863068,53.51441192626953
1.649999976158142,0.07998333871364594,53.12449264526367
1.659999966621399,-0.0008867135620675981,53.12449264526367
1.6699999570846558,-0.5356725454330444,53.878334045410156
1.6799999475479126,-0.8826311826705933,53.75615692138672
1.690000057220459,-1.1930679082870483,53.327247619628906
1.7000000476837158,-1.5843745470046997,53.202476501464844
1.7100000381469727,-1.9078547954559326,53.68597412109375
1.7200000286102295,-2.3043789863586426,53.077701568603516
1.7300000190734863,-2.813077688217163,52.71637725830078
1.7400000095367432,-3.4104726314544678,52.36804962158203
1.75,-4.046998023986816,51.78577423095703
1.7599999904632568,-4.613088607788086,51.624603271484375
1.7699999809265137,-5.179178714752197,51.11251449584961
1.7799999713897705,-5.794835090637207,50.30148696899414
1.7899999618530273,-6.327012062072754,49.64902114868164
1.7999999523162842,-6.658318042755127,49.55284118652344
1.809999942779541,-7.062668323516846,49.311092376708984
1.8200000524520874,-7.1278862953186035,49.20451354980469
1.8300000429153442,-6.987015724182129,48.936767578125
1.840000033378601,-6.822667121887207,48.48186492919922
1.850000023841858,-6.8070149421691895,47.948974609375
1.8600000143051147,-6.5644049644470215,47.86839294433594
1.8700000047683716,-6.647883415222168,47.13794708251953
1.8799999952316284,-6.809623718261719,46.870201110839844
1.8899999856948853,-6.877449989318848,46.714237213134766
1.899999976158142,-6.705275058746338,45.612064361572266
1.909999966621399,-6.220054626464844,45.28973388671875
1.9199999570846558,-6.235706806182861,44.71785354614258
1.9299999475479126,-6.397447109222412,44.32273483276367
1.940000057220459,-6.5174479484558105,44.140777587890625
1.9500000476837158,-6.5174479484558105,43.899024963378906
1.9600000381469727,-6.5174479484558105,43.012611389160156
1.9700000286102295,-6.877449989318848,42.24577331542969
1.9800000190734863,-7.284409046173096,41.5985107421875
1.9900000095367432,-7.589628219604492,41.016231536865234
2,-7.83223819732666,40.37156295776367
2.009999990463257,-7.761803150177002,39.025047302246094
2.0199999809265137,-7.7383246421813965,38.341392517089844
2.0299999713897705,-7.7383246421813965,37.6837272644043
2.0399999618530273,-7.675715446472168,36.49837875366211
2.049999952316284,-7.352235317230225,34.40321350097656
2.059999942779541,-7.255712985992432,34.569583892822266
2.069999933242798,-7.120059967041016,33.47261047363281
2.0799999237060547,-6.788753509521484,32.0039176940918
2.0899999141693115,-6.261794090270996,30.8913516998291
2.0999999046325684,-5.9383134841918945,29.44085693359375
2.109999895095825,-4.884394645690918,28.42706871032715
2.119999885559082,-4.169607639312744,26.940181732177734
2.130000114440918,-3.809605360031128,25.35451316833496
2.140000104904175,-3.616560697555542,24.023591995239258
2.1500000953674316,-3.2122106552124023,22.411930084228516
2.1600000858306885,-2.7374250888824463,19.887859344482422
2.1700000762939453,-2.3513355255126953,17.524953842163086
2.180000066757202,-2.085247039794922,15.320616722106934
2.190000057220459,-1.9078547954559326,13.10328197479248
2.200000047683716,-1.5843745470046997,11.249870300292969
2.2100000381469727,-1.3287208080291748,9.126115798950195
2.2200000286102295,-1.2269810438156128,7.043951988220215
2.2300000190734863,-1.2791552543640137,4.561472415924072
2.240000009536743,-1.4252431392669678,1.13798987865448
2.25,-1.344373106956482,-1.6824188232421875
2.259999990463257,-1.0678496360778809,-4.242882251739502
2.2699999809265137,-0.9217618107795715,-6.873530387878418
2.2799999713897705,-1.1095889806747437,-9.636751174926758
2.2899999618530273,-1.7330710887908936,-12.428565979003906
2.299999952316284,-1.6522010564804077,-14.362560272216797
2.309999942779541,-1.9469853639602661,-16.171781539916992
2.319999933242798,-2.3513355255126953,-18.360523223876953
2.3299999237060547,-2.755685806274414,-20.564861297607422
2.3399999141693115,-3.160036325454712,-21.693023681640625
2.3499999046325684,-2.9982962608337402,-23.304685592651367
2.359999895095825,-3.616560935974121,-24.497835159301758
2.369999885559082,-4.310478210449219,-25.62339973449707
2.380000114440918,-4.832220077514648,-26.923128128051758
2.390000104904175,-5.479180812835693,-28.5347900390625
2.4000000953674316,-5.5000505447387695,-29.366615295410156
2.4100000858306885,-6.016575336456299,-30.22963523864746
2.4200000762939453,-6.452229976654053,-31.043264389038086
2.430000066757202,-6.611361503601074,-31.893285751342773
2.440000057220459,-7.096581935882568,-33.26319885253906
2.450000047683716,-7.20353889465332,-33.80388641357422
2.4600000381469727,-7.503540515899658,-35.16080093383789
2.4700000286102295,-7.670498371124268,-36.15639114379883
2.4800000190734863,-7.469627380371094,-36.28376388549805
2.490000009536743,-7.065277099609375,-37.49251174926758
2.5,-6.9531025886535645,-38.118980407714844
2.509999990463257,-6.97658109664917,-38.631072998046875
2.5199999809265137,-6.744405746459961,-39.58247375488281
2.5299999713897705,-6.162662982940674,-40.973182678222656
2.5399999618530273,-6.567013263702393,-40.32851791381836
2.549999952316284,-5.914835453033447,-40.59626007080078
2.559999942779541,-5.403527736663818,-40.90039825439453
2.569999933242798,-5.166135311126709,-41.17074203491211
2.5799999237060547,-5.069612979888916,-41.50086975097656
2.5899999141693115,-4.827003002166748,-41.903785705566406
2.5999999046325684,-4.448739528656006,-42.30670166015625
2.609999895095825,-4.138302803039551,-42.47566604614258
2.619999885559082,-3.791344404220581,-41.7738151550293
2.630000114440918,-3.199167013168335,-39.79562759399414
2.640000104904175,-2.2287261486053467,-40.682044982910156
2.6500000953674316,-1.388721227645874,-40.7236328125
2.6600000858306885,-0.6243687868118286,-40.20894241333008
2.6700000762939453,-0.013930274173617363,-39.52008819580078
2.680000066757202,0.31476736068725586,-39.09117889404297
2.690000057220459,0.7999876737594604,-37.88242721557617
2.700000047683716,1.410426139831543,-37.048004150390625
2.7100000381469727,2.099125862121582,-36.447532653808594
2.7200000286102295,2.8269565105438232,-35.88085174560547
2.7300000190734863,3.5547869205474854,-35.07501983642578
2.740000009536743,4.0400071144104,-34.1080207824707
2.75,4.585227966308594,-33.67911148071289
2.759999990463257,4.916534423828125,-33.04744338989258
2.7699999809265137,4.979143142700195,-32.16362762451172
2.7799999713897705,4.979143142700195,-31.84129524230957
2.7899999618530273,4.979143142700195,-31.440980911254883
2.799999952316284,4.634793281555176,-29.951492309570312
2.809999942779541,4.405226707458496,-28.963699340820312
2.819999933242798,4.533053874969482,-28.76613998413086
2.8299999237060547,4.856534004211426,-27.073896408081055
2.8399999141693115,5.104361534118652,-26.663183212280273
2.8499999046325684,5.401754856109619,-25.685787200927734
2.859999895095825,5.7252349853515625,-24.39645767211914
2.869999885559082,5.9965410232543945,-22.93816375732422
2.880000114440918,5.9965410232543945,-20.601253509521484
2.890000104904175,5.850452899932861,-18.191558837890625
2.9000000953674316,5.375667572021484,-15.930032730102539
2.9100000858306885,5.0104475021362305,-13.723094940185547
2.9200000762939453,5.049578666687012,-11.238016128540039
2.930000066757202,4.8069682121276855,-7.208860397338867
2.940000057220459,4.846099376678467,-3.5306313037872314
2.950000047683716,4.877403736114502,0.34255656599998474
2.9600000381469727,4.934795379638672,4.2859296798706055
2.9700000286102295,5.057404518127441,8.088932991027832
2.9800000190734863,4.814794540405273,12.037505149841309
2.990000009536743,4.504357814788818,15.242632865905762
3,4.509575366973877,18.491952896118164
3.009999990463257,4.6217498779296875,22.240365982055664
3.0199999809265137,4.49131441116333,26.66463851928711
3.0299999713897705,4.814794540405273,29.80738067626953
3.0399999618530273,4.616532325744629,33.729957580566406
3.049999952316284,4.381748199462891,36.690738677978516
3.059999942779541,4.196529865264893,38.915870666503906
3.069999933242798,3.974789619445801,41.632301330566406
3.0799999237060547,4.3791399002075195,43.64687728881836
3.0899999141693115,4.533053874969482,45.91100311279297
3.0999999046325684,4.697402477264404,47.582454681396484
3.109999895095825,4.877403736114502,48.630035400390625
3.119999885559082,4.877403736114502,49.677616119384766
3.130000114440918,4.715663433074951,51.20869445800781
3.140000104904175,4.8539252281188965,52.14189910888672
3.1500000953674316,4.626966953277588,52.47722625732422
3.1600000858306885,3.9539196491241455,52.396644592285156
3.1700000762939453,3.4686994552612305,52.31605911254883
3.180000066757202,3.1400017738342285,53.249263763427734
3.190000057220459,2.816521644592285,53.015316009521484
3.200000047683716,2.3834755420684814,53.017913818359375
3.2100000381469727,1.8486896753311157,53.62358856201172
3.2200000286102295,1.4443395137786865,53.059505462646484
3.2300000190734863,0.8886838555335999,53.324649810791016
3.240000009536743,0.486942321062088,53.31945037841797
3.25,0.1295488476753235,53.158287048339844
3.259999990463257,-0.17045295238494873,52.958126068115234
3.2699999809265137,0.07215720415115356,52.55521011352539
3.2799999713897705,-0.3426279127597809,51.93394088745117
3.2899999618530273,-0.8278481960296631,51.7051887512207
3.299999952316284,-1.281764030456543,51.4244499206543
3.309999942779541,-1.654809832572937,50.76158905029297
3.319999933242798,-1.8165497779846191,50.51983642578125
3.3299999237060547,-2.1895954608917236,50.137718200683594
3.3399999141693115,-2.5443804264068604,50.129920959472656
3.3499999046325684,-2.8391647338867188,50.05713653564453
3.359999895095825,-3.0582964420318604,49.490455627441406
3.369999885559082,-3.0582964420318604,49.6516227722168
3.380000114440918,-3.1261229515075684,49.40727233886719
3.390000104904175,-3.0661227703094482,49.03814697265625
3.4000000953674316,-3.0609052181243896,48.71321487426758
3.4100000858306885,-3.4261245727539062,48.51045608520508
3.4200000762939453,-4.3965654373168945,47.704627990722656
3.430000066757202,-5.823530673980713,46.44389343261719
3.440000057220459,-7.271365642547607,45.38331604003906
3.450000047683716,-8.62267780303955,44.226558685302734
3.4600000381469727,-9.900946617126465,42.170387268066406
3.4700000286102295,-10.709647178649902,38.86648178100586
3.4800000190734863,-11.45573902130127,37.30940628051758
3.490000009536743,-11.807914733886719,36.345008850097656
3.5,-11.912262916564941,35.02188491821289
3.509999990463257,-12.31661319732666,32.4432258605957
3.5199999809265137,-11.58878231048584,31.234479904174805
3.5299999713897705,-11.28095531463623,29.726797103881836
3.5399999618530273,-11.080083847045898,28.193119049072266
3.549999952316284,-10.691386222839355,26.779014587402344
3.559999942779541,-9.8018159866333,25.48968505859375
3.569999933242798,-8.990506172180176,22.874631881713867
3.5799999237060547,-8.583547592163086,21.073209762573242
3.5899999141693115,-8.304415702819824,19.040435791015625
3.5999999046325684,-7.808759689331055,16.58135223388672
3.609999895095825,-6.595709323883057,15.292022705078125
3.619999885559082,-6.441795349121094,14.228845596313477
3.630000114440918,-6.032227516174316,11.980317115783691
3.640000104904175,-5.567876815795898,9.599215507507324
3.6500000953674316,-5.270483493804932,7.930365562438965
3.6600000858306885,-5.108743667602539,6.8022027015686035
3.6700000762939453,-5.531354904174805,5.455685138702393
3.680000066757202,-5.286136150360107,3.5658810138702393
3.690000057220459,-4.952220916748047,1.390136957168579
3.700000047683716,-5.145265579223633,-0.754413366317749
3.7100000381469727,-5.549615859985352,-2.6884078979492188
3.7200000286102295,-5.601789951324463,-4.832958221435547
3.7300000190734863,-5.453093528747559,-6.81114387512207
3.740000009536743,-5.2391791343688965,-9.007683753967285
3.75,-5.085265159606934,-11.765705108642578
3.759999990463257,-5.004395008087158,-13.941449165344238
3.7699999809265137,-5.533963680267334,-16.252365112304688
3.7799999713897705,-5.805269718170166,-17.887420654296875
3.7899999618530273,-5.857443809509277,-19.587465286254883
3.799999952316284,-5.993096828460693,-22.42087173461914
3.809999942779541,-5.750486850738525,-24.274282455444336
3.819999933242798,-5.442658424377441,-25.28287124633789
3.8299999237060547,-5.207874774932861,-26.35384750366211
3.8399999141693115,-5.022656440734863,-27.76015281677246
3.8499999046325684,-4.780045986175537,-29.45499610900879
3.859999895095825,-4.537436008453369,-31.227825164794922
3.869999885559082,-4.169607639312744,-32.439170837402344
3.880000114440918,-3.9322149753570557,-33.32038497924805
3.890000104904175,-3.8513448238372803,-34.14961242675781
3.9000000953674316,-3.770474672317505,-35.277774810791016
3.9100000858306885,-3.608734607696533,-35.84185791015625
3.9200000762939453,-3.4469943046569824,-36.58530044555664
3.930000066757202,-3.2852542400360107,-37.27415466308594
3.940000057220459,-3.141775369644165,-37.9110221862793
3.950000047683716,-3.0609052181243896,-38.79743576049805
3.9600000381469727,-3.1365578174591064,-38.748050689697266
3.9700000286102295,-2.873077869415283,-39.06778335571289
3.9800000190734863,-2.7243812084198,-39.078182220458984
3.990000009536743,-2.823512315750122,-38.748050689697266
4,-2.6617722511291504,-39.3927116394043
4.010000228881836,-2.726990222930908,-38.37892532348633
4.019999980926514,-2.4791626930236816,-38.72465515136719
4.03000020980835,-2.2443785667419434,-39.4005126953125
4.039999961853027,-2.2443785667419434,-39.4966926574707
4.050000190734863,-2.2443785667419434,-39.25494384765625
4.059999942779541,-2.3904664516448975,-39.66825866699219
4.070000171661377,-2.291335344314575,-39.11197280883789
4.079999923706055,-2.2052478790283203,-38.57648468017578
4.090000152587891,-2.2730743885040283,-38.92741012573242
4.099999904632568,-1.706984043121338,-38.92741012573242
4.110000133514404,-1.281764030456543,-38.78704071044922
4.119999885559082,-0.6791516542434692,-37.83563995361328
4.130000114440918,-0.008712846785783768,-37.12858963012695
4.139999866485596,0.5730298161506653,-37.59389114379883
4.150000095367432,1.3008602857589722,-36.3851432800293
4.159999847412109,1.6895582675933838,-36.46052932739258
4.170000076293945,2.0130386352539062,-36.08100891113281
4.179999828338623,2.2582573890686035,-35.14260482788086
4.190000057220459,2.3182578086853027,-34.1626091003418
4.199999809265137,2.0756475925445557,-34.1626091003418
4.210000038146973,1.8330373764038086,-34.03263854980469
4.21999979019165,1.856515884399414,-33.78308868408203
4.230000019073486,2.05216908454895,-33.20341110229492
4.239999771118164,2.135647773742676,-32.02585983276367
4.25,2.2973880767822266,-31.784109115600586
4.260000228881836,2.6469552516937256,-31.417585372924805
4.269999980926514,3.009566307067871,-30.473981857299805
4.28000020980835,3.291307210922241,-28.981895446777344
4.289999961853027,3.453047275543213,-27.3702335357666
4.300000190734863,3.8573975563049316,-27.28965187072754
4.309999942779541,4.0217461585998535,-26.43183135986328
4.320000171661377,4.220008373260498,-25.654592514038086
4.329999923706055,4.397400856018066,-25.06971549987793
4.340000152587891,4.073920249938965,-23.86096954345703
4.349999904632568,4.141746997833252,-23.6660099029541
4.360000133514404,4.222617149353027,-22.818588256835938
4.369999885559082,4.340008735656738,-21.908777236938477
4.380000114440918,4.533053874969482,-21.030162811279297
4.389999866485596,4.856534004211426,-19.1767520904541
4.400000095367432,5.4069719314575195,-16.871034622192383
4.409999847412109,5.918279647827148,-14.534124374389648
4.420000076293945,6.267846584320068,-11.69032096862793
4.429999828338623,6.5208916664123535,-8.066679954528809
4.440000057220459,7.248722553253174,-4.037525177001953
4.449999809265137,7.830464839935303,0.06441496312618256
4.460000038146973,8.292206764221191,4.902000904083252
4.46999979019165,8.75916576385498,10.32706356048584
4.480000019073486,9.38786506652832,15.934087753295898
4.489999771118164,10.439176559448242,20.769075393676758
4.5,12.05396842956543,26.165544509887695
4.510000228881836,13.157453536987305,31.101909637451172
4.519999980926514,13.598325729370117,35.12326431274414
4.53000020980835,13.486151695251465,38.20621871948242
4.539999961853027,13.081801414489746,42.235374450683594
4.550000190734863,12.202665328979492,44.169368743896484
4.559999942779541,11.37309455871582,45.51328659057617
4.570000171661377,10.462655067443848,46.7220344543457
4.579999923706055,9.168733596801758,47.9567756652832
4.590000152587891,7.874813079833984,49.56843566894531
4.599999904632568,6.71132755279541,49.620426177978516
4.610000133514404,5.756539344787598,49.7841911315918
4.619999885559082,4.94783878326416,50.769386291503906
4.630000114440918,4.133921146392822,52.70597839355469
4.639999866485596,3.163480281829834,52.303062438964844
4.650000095367432,2.3182578086853027,52.461631774902344
4.659999847412109,1.676514744758606,53.283058166503906
4.670000076293945,1.1078156232833862,54.07329177856445
4.679999828338623,0.2991150915622711,53.428627014160156
4.690000057220459,-0.42871537804603577,53.75096130371094
4.699999809265137,-1.276546597480774,53.834144592285156
4.710000038146973,-1.892202377319336,53.834144592285156
4.71999979019165,-2.3252484798431396,53.99790954589844
4.730000019073486,-3.1339492797851562,54.7231559753418
4.739999771118164,-3.9426496028900146,53.49881362915039
4.75,-4.751349925994873,52.83855438232422
4.760000228881836,-5.66961669921875,52.10810470581055
4.769999980926514,-6.68962287902832,51.229488372802734
4.78000020980835,-7.579193592071533,51.390655517578125
4.789999961853027,-8.014847755432129,51.09951400756836
4.800000190734863,-9.240942001342773,49.576236724853516
4.809999942779541,-10.417470932006836,48.0555534362793
4.820000171661377,-10.94443130493164,47.33030700683594
4.829999923706055,-11.267911911010742,46.60506057739258
4.840000152587891,-11.153128623962402,45.51588821411133
4.849999904632568,-11.200084686279297,44.80363464355469
4.860000133514404,-11.267911911010742,44.13297653198242
4.869999885559082,-11.239215850830078,43.197174072265625
4.880000114440918,-11.562695503234863,42.471923828125
4.889999866485596,-11.252259254455566,42.37834548950195
4.900000095367432,-11.492260932922363,41.39055252075195
4.909999847412109,-11.823567390441895,40.379364013671875
4.920000076293945,-11.58878231048584,40.381961822509766
4.929999828338623,-11.427042007446289,39.656715393066406
4.940000057220459,-11.875741004943848,39.2693977355957
4.949999809265137,-12.160090446472168,38.94706344604492
4.960000038146973,-12.267047882080078,38.520751953125
4.96999979019165,-12.428788185119629,37.850093841552734
4.980000019073486,-12.59052848815918,36.802513122558594
4.989999771118164,-12.687049865722656,35.81991958618164
5,-12.54617977142334,34.85292053222656
5.010000228881836,-12.26965618133545,33.67536926269531
5.019999980926514,-12.123568534851074,31.938932418823242
5.03000020980835,-12.447049140930176,28.87677574157715
5.039999961853027,-12.144438743591309,27.12474250793457
5.050000190734863,-11.90965461730957,25.380508422851562
5.059999942779541,-11.763566970825195,23.306142807006836
5.070000171661377,-11.197476387023926,21.29156494140625
5.079999923706055,-10.873995780944824,18.551740646362305
5.090000152587891,-10.550515174865723,16.64893913269043
5.099999904632568,-10.38355827331543,14.452398300170898
5.110000133514404,-10.310514450073242,11.777559280395508
5.119999885559082,-9.98703384399414,9.601816177368164
5.130000114440918,-9.898338317871094,7.815989971160889
5.139999866485596,-9.760076522827148,5.299717426300049
5.150000095367432,-9.561814308166504,2.7704477310180664
5.159999847412109,-9.31920337677002,0.3919462561607361
5.170000076293945,-9.076594352722168,-2.831378221511841
5.179999828338623,-9.212246894836426,-4.170097351074219
5.190000057220459,-8.607025146484375,-6.7981462478637695
5.199999809265137,-8.145283699035645,-9.865503311157227
5.210000038146973,-8.361806869506836,-12.371377944946289
5.21999979019165,-8.44267749786377,-13.660707473754883
5.230000019073486,-8.377459526062012,-15.53231430053711
5.239999771118164,-8.557459831237793,-17.36233139038086
5.25,-8.56789493560791,-18.823225021362305
5.260000228881836,-8.093109130859375,-19.83181381225586
5.269999980926514,-7.6887593269348145,-21.121145248413086
5.28000020980835,-7.636585235595703,-23.182512283325195
5.289999961853027,-7.785281658172607,-24.86435890197754
5.300000190734863,-7.82702112197876,-25.77676773071289
5.309999942779541,-7.534845352172852,-25.966527938842773
5.320000171661377,-7.534845352172852,-27.175273895263672
5.329999923706055,-7.602672100067139,-28.384021759033203
5.340000152587891,-7.777455806732178,-29.265235900878906
5.349999904632568,-8.04615306854248,-29.883907318115234
5.360000133514404,-8.333110809326172,-30.494779586791992
5.369999885559082,-8.090500831604004,-31.784109115600586
5.380000114440918,-8.043543815612793,-32.74850845336914
5.389999866485596,-7.910499572753906,-33.237205505371094
5.400000095367432,-7.644411087036133,-33.562137603759766
5.409999847412109,-7.31832218170166,-34.26398849487305
5.420000076293945,-6.913971900939941,-34.26398849487305
5.429999828338623,-6.447012901306152,-35.26218032836914
5.440000057220459,-6.128749847412109,-36.01082229614258
5.449999809265137,-6.008749008178711,-36.10700225830078
5.460000038146973,-6.008749008178711,-35.784671783447266
5.46999979019165,-5.280918598175049,-36.02642059326172
5.480000019073486,-4.913090229034424,-36.38774490356445
5.489999771118164,-4.709610939025879,-37.37553787231445
5.5,-4.71221923828125,-38.441314697265625
5.510000228881836,-5.2783098220825195,-37.63547897338867
5.519999980926514,-4.905264377593994,-37.99940490722656
5.53000020980835,-4.673089027404785,-38.459510803222656
5.539999961853027,-4.657436370849609,-38.615478515625
5.550000190734863,-4.803524494171143,-38.48290252685547
5.559999942779541,-4.88439416885376,-38.80523681640625
5.570000171661377,-4.587001323699951,-38.82603073120117
5.579999923706055,-4.044389724731445,-39.153560638427734
5.590000152587891,-3.8043880462646484,-39.501888275146484
5.599999904632568,-4.0756940841674805,-39.663055419921875
5.610000133514404,-4.0756940841674805,-39.824222564697266
5.619999885559082,-4.002650260925293,-39.91260528564453
5.630000114440918,-3.6609086990356445,-40.0451774597168
5.639999866485596,-3.394820213317871,-39.76963424682617
5.650000095367432,-3.4965600967407227,-38.896217346191406
5.659999847412109,-3.7391700744628906,-38.65446853637695
5.670000076293945,-3.9113450050354004,-38.69346237182617
5.679999828338623,-3.7261266708374023,-38.62587356567383
5.690000057220459,-3.4078638553619385,-38.37892532348633
5.699999809265137,-3.23047137260437,-38.053993225097656
5.710000038146973,-2.9069912433624268,-38.4569091796875
5.71999979019165,-2.7191638946533203,-38.72465133666992
5.730000019073486,-2.3695967197418213,-38.49850082397461
5.739999771118164,-1.9626376628875732,-38.24635696411133
5.75,-1.7252448797225952,-38.6076774597168
5.760000228881836,-1.5635048151016235,-38.365928649902344
5.769999980926514,-1.7930715084075928,-38.0591926574707
5.78000020980835,-1.9391592741012573,-37.73686218261719
5.789999961853027,-1.9391592741012573,-37.50811004638672
5.800000190734863,-1.9365506172180176,-37.471717834472656
5.809999942779541,-1.8556804656982422,-36.34355163574219
5.820000171661377,-2.2756829261779785,-35.77687072753906
5.829999923706055,-2.71655535697937,-34.66690444946289
5.840000152587891,-2.706120491027832,-33.06044387817383
5.849999904632568,-1.7356797456741333,-31.93227767944336
5.860000133514404,-1.5739396810531616,-29.756532669067383
5.869999885559082,-0.7521955966949463,-28.178665161132812
5.880000114440918,0.2208537608385086,-26.574800491333008
5.889999866485596,1.0739023685455322,-24.594017028808594
5.900000095367432,1.8017328977584839,-22.176523208618164
5.909999847412109,2.6860861778259277,-19.914997100830078
5.920000076293945,3.6330482959747314,-16.972414016723633
5.929999828338623,4.603488922119141,-13.603520393371582
5.940000057220459,5.558277130126953,-9.76152515411377
5.949999809265137,6.447847843170166,-4.684789657592773
5.960000038146973,7.4887237548828125,0.01502525806427002
5.96999979019165,8.485251426696777,5.343908309936523
5.980000019073486,9.523518562316895,10.950932502746582
5.989999771118164,10.642655372619629,16.381195068359375
6,11.693965911865234,21.135597229003906
6.010000228881836,12.307013511657715,25.74443244934082
6.019999980926514,13.1339750289917,30.025733947753906
6.03000020980835,13.697457313537598,34.07308578491211
6.039999961853027,13.637456893920898,37.85529327392578
6.050000190734863,13.718326568603516,40.51453399658203
6.059999942779541,13.306150436401367,43.10359191894531
6.070000171661377,12.870495796203613,45.929203033447266
6.079999923706055,12.408753395080566,48.224517822265625
6.090000152587891,11.819184303283691,49.34228515625
6.099999904632568,11.01048469543457,51.1151123046875
6.110000133514404,9.862650871276855,51.87415313720703
6.119999885559082,8.602643966674805,52.39144515991211
6.130000114440918,7.230461597442627,52.71897506713867
6.139999866485596,5.7356696128845215,52.76056671142578
6.150000095367432,4.846098899841309,53.40523147583008
6.159999847412109,3.5652217864990234,53.530006408691406
6.170000076293945,1.7026019096374512,53.83934020996094
6.179999828338623,0.09563560783863068,54.23965835571289
6.190000057220459,0.07476591318845749,54.25525665283203
6.199999809265137,-0.572194516658783,54.73875427246094
6.210000038146973,-1.344373106956482,53.787353515625
6.21999979019165,-2.1948130130767822,52.542213439941406
6.230000019073486,-2.8965563774108887,51.913143157958984
6.239999771118164,-3.0582964420318604,52.71897506713867
6.25,-3.5435168743133545,52.799560546875
6.260000228881836,-4.328739166259766,52.82035446166992
6.269999980926514,-4.98352575302124,52.508419036865234
6.28000020980835,-5.479180335998535,52.11850357055664
6.289999961853027,-6.287880897521973,52.60200119018555
6.300000190734863,-6.940059185028076,51.36985778808594
6.309999942779541,-7.701802730560303,50.59522247314453
6.320000171661377,-8.4009370803833,50.43145751953125
6.329999923706055,-8.96702766418457,50.61341857910156
6.340000152587891,-9.53311824798584,50.21050262451172
6.349999904632568,-10.174860954284668,49.50605010986328
6.360000133514404,-10.43834114074707,48.889976501464844
6.369999885559082,-10.688777923583984,48.46106719970703
6.380000114440918,-11.069649696350098,48.24531555175781
6.389999866485596,-10.907909393310547,48.164730072021484
6.400000095367432,-10.819212913513184,48.08414840698242
6.409999847412109,-10.686168670654297,48.0555534362793
6.420000076293945,-10.242688179016113,47.993167877197266
6.429999828338623,-9.31137752532959,47.873592376708984
6.440000057220459,-8.098326683044434,48.034759521484375
6.449999809265137,-7.519192695617676,47.98536682128906
6.460000038146973,-7.7278900146484375,47.11455154418945
6.46999979019165,-8.518329620361328,46.20214080810547
6.480000019073486,-9.553987503051758,46.15275192260742
6.489999771118164,-10.443558692932129,46.394500732421875
6.5,-11.807914733886719,44.60867691040039
6.510000228881836,-12.981834411621094,42.994415283203125
6.519999980926514,-14.108798027038574,41.52572250366211
6.53000020980835,-15.454893112182617,39.51634216308594
6.539999961853027,-15.21228313446045,37.58234786987305
6.550000190734863,-15.687068939208984,35.38840866088867
6.559999942779541,-16.245332717895508,32.73436737060547
6.570000171661377,-16.4722900390625,30.0101375579834
6.579999923706055,-16.073158264160156,27.87338638305664
6.590000152587891,-15.830547332763672,24.488895416259766
6.599999904632568,-15.587937355041504,22.04020881652832
6.610000133514404,-15.13663101196289,20.4051513671875
6.619999885559082,-14.53140926361084,19.00664520263672
6.630000114440918,-14.046189308166504,16.830900192260742
6.639999866485596,-13.80357837677002,14.332823753356934
6.650000095367432,-13.62096881866455,12.372835159301758
6.659999847412109,-13.420098304748535,9.937145233154297
6.670000076293945,-13.086183547973633,7.030954837799072
6.679999828338623,-12.43922233581543,4.935793876647949
6.690000057220459,-12.340091705322266,1.982812762260437
6.699999809265137,-12.144438743591309,-0.941574215888977
6.710000038146973,-12.08443832397461,-3.3330729007720947
6.71999979019165,-12.246177673339844,-5.121497631072998
6.730000019073486,-12.407917976379395,-6.97490930557251
6.739999771118164,-12.267047882080078,-7.923710823059082
6.75,-12.050524711608887,-8.755536079406738
6.760000228881836,-11.90965461730957,-10.000675201416016
6.769999980926514,-11.844436645507812,-11.698119163513184
6.78000020980835,-11.440086364746094,-12.58453369140625
6.789999961853027,-11.254867553710938,-13.32537841796875
6.800000190734863,-10.988779067993164,-14.20659351348877
6.809999942779541,-10.508776664733887,-15.703879356384277
6.820000171661377,-9.864424705505371,-17.895219802856445
6.829999923706055,-9.783555030822754,-19.103965759277344
6.840000152587891,-9.632248878479004,-21.01456642150879
6.849999904632568,-9.619205474853516,-22.535247802734375
6.860000133514404,-9.613987922668457,-24.1157169342041
6.869999885559082,-9.499204635620117,-26.19268035888672
6.880000114440918,-9.822685241699219,-26.595596313476562
6.889999866485596,-9.942686080932617,-27.74195671081543
6.900000095367432,-9.882685661315918,-28.61017417907715
6.909999847412109,-9.538335800170898,-29.434202194213867
6.920000076293945,-8.826157569885254,-30.7313289642334
6.929999828338623,-8.340937614440918,-30.97307777404785
6.940000057220459,-8.051370620727539,-32.124637603759766
6.949999809265137,-7.764411926269531,-33.80388641357422
6.960000038146973,-7.347018241882324,-35.34016418457031
6.96999979019165,-6.707883834838867,-35.92763900756836
6.980000019073486,-6.303533554077148,-37.21697235107422
6.989999771118164,-5.711356163024902,-38.13197708129883
7,-5.147874355316162,-39.187355041503906
7.010000228881836,-4.70439338684082,-40.14395523071289
7.019999980926514,-4.380913257598877,-40.14395523071289
7.03000020980835,-3.5722124576568604,-40.22454071044922
7.039999961853027,-2.7035117149353027,-40.663848876953125
7.050000190734863,-1.7356798648834229,-40.604061126708984
7.059999942779541,-0.6843690872192383,-39.91520309448242
7.070000171661377,0.3669416010379791,-39.35112380981445
7.079999923706055,1.4182523488998413,-40.0347785949707
7.090000152587891,1.8956464529037476,-39.559078216552734
7.099999904632568,2.138256788253784,-39.02878952026367
7.110000133514404,2.4434759616851807,-39.04438781738281
7.119999885559082,3.009566307067871,-39.124969482421875
7.130000114440918,3.1217408180236816,-39.50708770751953
7.139999866485596,3.53130841255188,-39.309532165527344
7.150000095367432,3.8939194679260254,-38.961204528808594
7.159999847412109,4.013920307159424,-38.67006301879883
7.170000076293945,4.337400436401367,-37.703067779541016
7.179999828338623,4.5147929191589355,-37.24556350708008
7.190000057220459,4.83305549621582,-37.050601959228516
7.199999809265137,5.112187385559082,-36.782859802246094
7.210000038146973,5.245232105255127,-36.156394958496094
7.21999979019165,5.730452060699463,-35.10881042480469
7.230000019073486,5.652191162109375,-34.62271499633789
7.239999771118164,5.837409496307373,-33.775291442871094
7.25,6.586109638214111,-32.790096282958984
7.260000228881836,7.913943767547607,-31.986867904663086
7.269999980926514,8.80351448059082,-30.455787658691406
7.28000020980835,9.014820098876953,-30.208839416503906
7.289999961853027,9.189603805541992,-29.928098678588867
7.300000190734863,9.301777839660645,-29.392610549926758
7.309999942779541,9.145255088806152,-28.70635223388672
7.320000171661377,9.064385414123535,-27.417024612426758
7.329999923706055,8.461772918701172,-26.647586822509766
7.340000152587891,8.088727951049805,-25.60520362854004
7.349999904632568,7.913943767547607,-24.001338958740234
7.360000133514404,7.533071517944336,-21.8411922454834
7.369999885559082,7.8565521240234375,-20.148948669433594
7.380000114440918,8.117423057556152,-17.20896339416504
7.389999866485596,8.52699089050293,-13.905056953430176
7.400000095367432,9.072212219238281,-10.580353736877441
7.409999847412109,9.557432174682617,-7.195863246917725
7.420000076293945,9.961782455444336,-2.2802937030792236
7.429999828338623,10.786134719848633,3.2331504821777344
7.440000057220459,11.600052833557129,9.3054780960083
7.449999809265137,12.301795959472656,15.260828971862793
7.460000038146973,13.191366195678711,19.5317325592041
7.46999979019165,14.002676010131836,24.270540237426758
7.480000019073486,14.409635543823242,28.739004135131836
7.489999771118164,14.871376991271973,32.872135162353516
7.5,15.348771095275879,36.63094711303711
7.510000228881836,14.78268051147461,39.93485641479492
7.519999980926514,13.460063934326172,42.63568878173828
7.53000020980835,12.030489921569824,45.94999694824219
7.539999961853027,10.439176559448242,48.6976203918457
7.550000190734863,8.620904922485352,50.05973434448242
7.559999942779541,6.5991530418396,50.54323196411133
7.570000171661377,5.015665531158447,51.6090087890625
7.579999923706055,3.792179584503174,52.47722625732422
7.590000152587891,2.8034780025482178,53.17128372192383
7.599999904632568,1.8930377960205078,53.639183044433594
7.610000133514404,0.841727077960968,52.913936614990234
7.619999885559082,-0.7026301026344299,53.03091049194336
7.630000114440918,-1.9235069751739502,52.92693328857422
7.639999866485596,-2.7791643142700195,52.86194610595703
7.650000095367432,-3.433950901031494,53.280460357666016
7.659999847412109,-4.161781311035156,53.844539642333984
7.670000076293945,-4.414826393127441,53.597591400146484
7.679999828338623,-5.0930914878845215,53.3818359375
7.690000057220459,-6.144402027130127,53.17127990722656
7.699999809265137,-7.164408206939697,52.7813606262207
7.710000038146973,-7.730498790740967,53.74835968017578
7.71999979019165,-8.75311279296875,53.61058807373047
7.730000019073486,-9.264420509338379,53.87053680419922
7.739999771118164,-9.100071907043457,54.208465576171875
7.75,-8.539198875427246,53.413028717041016
7.760000228881836,-8.134848594665527,52.92953109741211
7.769999980926514,-7.60528039932251,53.06990432739258
7.78000020980835,-7.080929279327393,52.809959411621094
7.789999961853027,-6.700057506561279,52.02492141723633
7.800000190734863,-6.619187355041504,51.29967498779297
7.809999942779541,-7.185277938842773,50.09092712402344
7.820000171661377,-7.691368103027344,49.95835494995117
7.829999923706055,-7.902673721313477,49.576236724853516
7.840000152587891,-7.876586437225342,48.74700927734375
7.849999904632568,-8.038326263427734,48.66642379760742
7.860000133514404,-7.887021064758301,48.351890563964844
7.869999885559082,-7.667889595031738,48.487064361572266
7.880000114440918,-7.8635430335998535,48.845787048339844
7.889999866485596,-8.51311206817627,48.9991569519043
7.900000095367432,-8.836592674255371,48.11273956298828
7.909999847412109,-9.084420204162598,48.357093811035156
7.920000076293945,-9.546162605285645,48.18812561035156
7.929999828338623,-10.112252235412598,48.08934783935547
7.940000057220459,-10.678342819213867,48.24271774291992
7.949999809265137,-11.244433403015137,47.5174674987793
7.960000038146973,-11.737480163574219,47.22892761230469
7.96999979019165,-11.96182918548584,46.987178802490234
7.980000019073486,-12.074003219604492,46.65184783935547
7.989999771118164,-12.246177673339844,46.2827262878418
8,-12.488788604736328,46.685638427734375
8.010000228881836,-12.942704200744629,45.61466598510742
8.020000457763672,-13.180096626281738,44.47350311279297
8.029999732971191,-13.375750541687012,43.6546745300293
8.039999961853027,-13.748795509338379,43.0178108215332
8.050000190734863,-13.829666137695312,40.19740295410156
8.0600004196167,-13.978363037109375,38.66112518310547
8.069999694824219,-14.18705940246582,37.8864860534668
8.079999923706055,-14.273146629333496,37.11964797973633
8.09000015258789,-14.035754203796387,35.6197624206543
8.100000381469727,-13.874013900756836,34.572181701660156
8.109999656677246,-13.516620635986328,32.3548469543457
8.119999885559082,-13.023574829101562,30.033533096313477
8.130000114440918,-12.480962753295898,28.23211097717285
8.140000343322754,-11.985307693481445,27.28590965270996
8.149999618530273,-11.176606178283691,24.546083450317383
8.15999984741211,-10.806169509887695,23.05399513244629
8.170000076293945,-10.313122749328613,21.842649459838867
8.180000305175781,-9.668771743774414,20.34536361694336
8.1899995803833,-9.264420509338379,18.250202178955078
8.199999809265137,-8.779200553894043,16.799705505371094
8.210000038146973,-8.233980178833008,15.648147583007812
8.220000267028809,-7.8244123458862305,14.093673706054688
8.229999542236328,-7.636585235595703,12.180475234985352
8.239999771118164,-7.636585235595703,10.891145706176758
8.25,-6.932232856750488,8.821979522705078
8.260000228881836,-6.491360664367676,7.0699462890625
8.270000457763672,-6.131358623504639,5.4582839012146
8.279999732971191,-5.633094787597656,3.7374448776245117
8.289999961853027,-4.743524074554443,1.5617010593414307
8.300000190734863,-4.53482723236084,-0.16173768043518066
8.3100004196167,-4.044389724731445,-2.290691375732422
8.319999694824219,-3.499168872833252,-4.695187091827393
8.329999923706055,-3.1078619956970215,-7.2582502365112305
8.34000015258789,-2.784381866455078,-10.159242630004883
8.350000381469727,-2.3148136138916016,-11.531753540039062
8.359999656677246,-2.3513355255126953,-13.208402633666992
8.369999885559082,-2.6748158931732178,-15.111204147338867
8.380000114440918,-2.9356870651245117,-17.016605377197266
8.390000343322754,-2.77394700050354,-19.272930145263672
8.399999618530273,-3.246123790740967,-21.17833137512207
8.40999984741211,-3.762648582458496,-22.834184646606445
8.420000076293945,-4.19047737121582,-24.622610092163086
8.430000305175781,-4.506131649017334,-26.738567352294922
8.4399995803833,-4.748741626739502,-27.544397354125977
8.449999809265137,-5.059177875518799,-29.161258697509766
8.460000038146973,-5.429615020751953,-31.027666091918945
8.470000267028809,-5.833965301513672,-32.3897819519043
8.479999542236328,-6.217446327209473,-32.602935791015625
8.489999771118164,-6.29831600189209,-33.5699348449707
8.5,-6.379186153411865,-34.796875
8.510000228881836,-6.327012062072754,-35.158199310302734
8.520000457763672,-6.282663822174072,-35.3869514465332
8.529999732971191,-6.507013320922852,-37.13898468017578
8.539999961853027,-6.18353271484375,-38.26715087890625
8.550000190734863,-6.360925197601318,-38.70905685424805
8.5600004196167,-6.684405326843262,-38.74284744262695
8.569999694824219,-6.966146469116211,-38.893619537353516
8.579999923706055,-7.1278862953186035,-39.941200256347656
8.59000015258789,-6.642665863037109,-40.58586502075195
8.600000381469727,-6.337446689605713,-40.871803283691406
8.609999656677246,-6.055706024169922,-40.72103500366211
8.619999885559082,-5.713964939117432,-40.51047897338867
8.630000114440918,-5.309614181518555,-41.23572540283203
8.640000343322754,-5.061786651611328,-40.86920166015625
8.649999618530273,-4.64700174331665,-40.580665588378906
8.65999984741211,-4.344391345977783,-40.84840774536133
8.670000076293945,-4.185259819030762,-41.46967697143555
8.680000305175781,-3.7000396251678467,-40.98617935180664
8.6899995803833,-3.1391665935516357,-40.578067779541016
8.699999809265137,-2.901773691177368,-40.06597137451172
8.710000038146973,-2.7191638946533203,-39.806026458740234
8.720000267028809,-2.4869887828826904,-39.99319076538086
8.729999542236328,-2.7295987606048584,-40.315521240234375
8.739999771118164,-2.8261210918426514,-40.63785171508789
8.75,-2.959165334701538,-39.81642532348633
8.760000228881836,-3.0582964420318604,-38.70905685424805
8.770000457763672,-3.110470771789551,-38.14497375488281
8.779999732971191,-3.5148208141326904,-37.580894470214844
8.789999961853027,-3.848736047744751,-36.244773864746094
8.800000190734863,-4.023519992828369,-35.189395904541016
8.8100004196167,-4.13308572769165,-33.86886978149414
8.819999694824219,-4.286999702453613,-31.64373779296875
8.829999923706055,-4.367869853973389,-29.70974349975586
8.84000015258789,-4.448740005493164,-27.843334197998047
8.850000381469727,-4.435696125030518,-26.317455291748047
8.859999656677246,-4.302651882171631,-24.794174194335938
8.869999885559082,-4.0287370681762695,-22.800392150878906
8.880000114440918,-3.3009066581726074,-21.10814666748047
8.890000343322754,-2.5078582763671875,-18.831024169921875
8.899999618530273,-1.5661134719848633,-15.971623420715332
8.90999984741211,-0.5852380990982056,-13.169410705566406
8.920000076293945,0.23389731347560883,-11.331596374511719
8.930000305175781,1.3660780191421509,-7.544189929962158
8.9399995803833,2.748695135116577,-4.193492412567139
8.949999809265137,4.079137802124023,-0.4710727035999298
8.960000038146973,5.333928108215332,3.261744737625122
8.970000267028809,6.708719253540039,5.6792378425598145
8.979999542236328,8.002639770507812,9.14431095123291
8.989999771118164,9.356560707092285,12.609384536743164
9,10.613960266113281,15.489581108093262
9.010000228881836,11.70961856842041,17.80049705505371
9.020000457763672,12.680059432983398,20.298572540283203
9.029999732971191,13.18093204498291,23.88842010498047
9.039999961853027,13.838327407836914,27.114343643188477
9.050000190734863,14.127894401550293,29.59422492980957
9.0600004196167,13.99484920501709,31.569808959960938
9.069999694824219,14.318330764770508,34.390220642089844
9.079999923706055,14.112241744995117,36.3060188293457
9.09000015258789,13.92441463470459,38.37778091430664
9.100000381469727,13.593109130859375,40.688697814941406
9.109999656677246,13.053105354309082,42.9658203125
9.119999885559082,12.648755073547363,44.09398651123047
9.130000114440918,12.244404792785645,45.5860710144043
9.140000343322754,11.527009010314941,46.701236724853516
9.149999618530273,10.637438774108887,47.65003967285156
9.15999984741211,9.758302688598633,48.718414306640625
9.170000076293945,8.949602127075195,49.927162170410156
9.180000305175781,8.211337089538574,50.92535400390625
9.1899995803833,7.582637310028076,51.20089340209961
9.199999809265137,6.786980152130127,51.4686393737793
9.210000038146973,5.613059997558594,52.45383071899414
9.220000267028809,4.804359436035156,52.856746673583984
9.229999542236328,3.92783260345459,53.12449264526367
9.239999771118164,3.320002794265747,53.31945037841797
9.25,2.680868625640869,53.40263366699219
9.260000228881836,1.6060794591903687,53.34804153442383
9.270000457763672,1.3634693622589111,53.670379638671875
9.279999732971191,1.3165125846862793,53.60279083251953
9.289999961853027,1.0947721004486084,53.530006408691406
9.300000190734863,0.7608570456504822,53.27265930175781
9.3100004196167,0.5965082049369812,52.40964126586914
9.319999694824219,0.3538980484008789,52.24847412109375
9.329999923706055,-0.2017575055360794,52.149696350097656
9.34000015258789,-0.7234997749328613,52.11070251464844
9.350000381469727,-1.0861107110977173,52.13149642944336
9.359999656677246,-1.3287208080291748,52.21208190917969
9.369999885559082,-1.8948111534118652,51.40625
9.380000114440918,-2.7009031772613525,51.43744659423828
9.390000343322754,-3.160036325454712,51.17490005493164
9.399999618530273,-3.287863254547119,50.2338981628418
9.40999984741211,-3.8539535999298096,49.105735778808594
9.420000076293945,-3.8722145557403564,49.849178314208984
9.430000305175781,-3.9296061992645264,49.22530746459961
9.4399995803833,-3.973954200744629,48.9991569519043
9.449999809265137,-3.9426496028900146,49.66981506347656
9.460000038146973,-3.780909538269043,49.105735778808594
9.470000267028809,-3.5435168743133545,48.918575286865234
9.479999542236328,-3.1365578174591064,49.194114685058594
9.489999771118164,-3.431342124938965,49.13692855834961
9.5,-4.858307361602783,48.357093811035156
9.510000228881836,-6.556578636169434,47.712425231933594
9.520000457763672,-8.839200973510742,47.28611755371094
9.529999732971191,-10.76703929901123,47.19513702392578
9.539999961853027,-12.65313720703125,46.963783264160156
9.550000190734863,-14.75314998626709,46.1761474609375
9.5600004196167,-16.289682388305664,44.967403411865234
9.569999694824219,-17.051424026489258,44.17976760864258
9.579999923706055,-17.69838523864746,43.70146560668945
9.59000015258789,-18.17317008972168,42.97882080078125
9.600000381469727,-18.319257736206055,41.56731414794922
9.609999656677246,-18.319257736206055,40.51973342895508
9.619999885559082,-18.11577796936035,39.81008529663086
9.630000114440918,-18.0140380859375,38.9782600402832
9.640000343322754,-17.727079391479492,38.06325149536133
9.649999618530273,-16.87403106689453,37.28341293334961
9.65999984741211,-16.550552368164062,36.880496978759766
9.670000076293945,-15.966200828552246,35.11286544799805
9.680000305175781,-15.319239616394043,34.29923629760742
9.6899995803833,-14.789670944213867,34.04969024658203
9.699999809265137,-14.544452667236328,32.578399658203125
9.710000038146973,-14.220972061157227,30.483238220214844
9.720000267028809,-13.897492408752441,28.51285171508789
9.729999542236328,-13.657490730285645,26.91158676147461
9.739999771118164,-13.391402244567871,25.289525985717773
9.75,-12.825311660766602,22.710866928100586
9.760000228881836,-12.420961380004883,20.53512191772461
9.770000457763672,-11.956610679626465,18.478954315185547
9.779999732971191,-11.549652099609375,16.620344161987305
9.789999961853027,-11.17138957977295,14.81892204284668
9.800000190734863,-10.60529899597168,12.64317798614502
9.8100004196167,-10.587038040161133,10.935336112976074
9.819999694824219,-10.127904891967773,9.071526527404785
9.829999923706055,-9.736598014831543,7.24670934677124
9.84000015258789,-9.577466011047363,5.180142402648926
9.850000381469727,-9.092246055603027,1.5539027452468872
9.859999656677246,-8.985288619995117,-0.941574215888977
9.869999885559082,-8.411372184753418,-3.4682443141937256
9.880000114440918,-7.8739776611328125,-6.182075500488281
9.890000343322754,-7.712237358093262,-8.94009780883789
9.899999618530273,-7.550497531890869,-10.954675674438477
9.90999984741211,-7.388757228851318,-12.386974334716797
9.920000076293945,-7.487888336181641,-13.96484375
9.930000305175781,-7.793107986450195,-15.844249725341797
9.9399995803833,-8.124414443969727,-18.00959587097168
9.949999809265137,-7.962674140930176,-20.10475730895996
9.960000038146973,-8.646156311035156,-20.655841827392578
9.970000267028809,-8.61224365234375,-22.262304306030273
9.979999542236328,-8.247023582458496,-24.451045989990234
9.989999771118164,-8.145283699035645,-26.130294799804688
10,-7.093973159790039,-26.936124801635742
10.010000228881836,-6.5852742195129395,-28.215055465698242
10.020000457763672,-6.556578636169434,-29.67854881286621
10.029999732971191,-6.773101329803467,-31.105649948120117
10.039999961853027,-6.950494289398193,-32.314395904541016
10.050000190734863,-7.354844093322754,-33.52314376831055
10.0600004196167,-7.88962984085083,-34.471946716308594
10.069999694824219,-8.056587219238281,-34.430355072021484
10.079999923706055,-7.8244123458862305,-34.20940017700195
10.09000015258789,-7.420062065124512,-35.363555908203125
10.100000381469727,-7.015711784362793,-34.88005828857422
10.109999656677246,-6.360925197601318,-36.205780029296875
10.119999885559082,-5.9252705574035645,-37.43532180786133
10.130000114440918,-5.700921058654785,-37.91362380981445
10.140000343322754,-5.296570777893066,-37.91362380981445
10.149999618530273,-4.892220497131348,-38.8000373840332
10.15999984741211,-4.727871894836426,-39.327728271484375
10.170000076293945,-4.64700174331665,-39.574676513671875
10.180000305175781,-4.547870635986328,-39.85541534423828
10.1899995803833,-4.3861308097839355,-40.82241439819336
10.199999809265137,-3.9896066188812256,-40.69763946533203
10.210000038146973,-3.413081169128418,-40.19334411621094
10.220000267028809,-2.94873046875,-40.27653121948242
10.229999542236328,-2.627859115600586,-41.071964263916016
10.239999771118164,-1.9808986186981201,-41.15254592895508
10.25,-1.258285641670227,-41.157745361328125
10.260000228881836,-0.4756722152233124,-40.7756233215332
10.270000457763672,0.1973753571510315,-40.68464279174805
10.279999732971191,0.6825956702232361,-41.10575485229492
10.289999961853027,1.1678160429000854,-40.78342056274414
10.300000190734863,2.0912997722625732,-40.31551742553711
10.3100004196167,2.748695135116577,-39.93600082397461
10.319999694824219,3.202610969543457,-39.270538330078125
10.329999923706055,3.627830743789673,-38.155372619628906
10.34000015258789,4.193921089172363,-37.671871185302734
10.350000381469727,4.900881767272949,-36.97781753540039
10.359999656677246,5.380885124206543,-36.795860290527344
10.369999885559082,5.847844123840332,-36.671085357666016
10.380000114440918,6.505239486694336,-36.190185546875
10.390000343322754,6.505239486694336,-37.23776626586914
10.399999618530273,6.573066234588623,-36.73086929321289
10.40999984741211,6.560022354125977,-35.73788070678711
10.420000076293945,6.42697811126709,-34.739688873291016
10.430000305175781,6.210454940795898,-34.01963806152344
10.4399995803833,6.372195243835449,-33.374977111816406
10.449999809265137,6.403499603271484,-32.53535079956055
10.460000038146973,6.7139363288879395,-31.4279842376709
10.470000267028809,7.115677833557129,-30.232234954833984
10.479999542236328,7.118286609649658,-29.2496395111084
10.489999771118164,7.199156761169434,-27.799144744873047
10.5,6.966981410980225,-25.662391662597656
10.510000228881836,6.560022354125977,-23.82457733154297
10.520000457763672,6.2000203132629395,-22.059547424316406
10.529999732971191,6.2000203132629395,-19.15855598449707
10.539999961853027,6.2000203132629395,-17.949810028076172
10.550000190734863,6.380021572113037,-16.202974319458008
10.5600004196167,6.622631549835205,-14.580915451049805
10.569999694824219,6.901763439178467,-12.945858001708984
10.579999923706055,7.306114196777344,-10.125448226928711
10.59000015258789,8.727861404418945,-7.383023738861084
10.600000381469727,9.781781196594238,-4.92913818359375
10.609999656677246,10.927005767822266,-2.737797498703003
10.619999885559082,12.257448196411133,-0.45807552337646484
10.630000114440918,13.06614875793457,2.926414966583252
10.640000343322754,14.026154518127441,6.537057876586914
10.649999618530273,15.106161117553711,9.235292434692383
10.65999984741211,15.933122634887695,11.525412559509277
10.670000076293945,16.36355972290039,13.979297637939453
10.680000305175781,16.929651260375977,17.04145622253418
10.6899995803833,17.20356559753418,19.37576675415039
10.699999809265137,17.237478256225586,21.892040252685547
10.710000038146973,17.031389236450195,24.64486312866211
10.720000267028809,16.637475967407227,27.566648483276367
10.729999542236328,16.313993453979492,30.628807067871094
10.739999771118164,16.060949325561523,32.00651931762695
10.75,15.372249603271484,34.02369689941406
10.760000228881836,14.573984146118164,36.573760986328125
10.770000457763672,14.073111534118652,38.98605728149414
10.779999732971191,13.42615032196045,40.59771728515625
10.789999961853027,12.779190063476562,42.68247985839844
10.800000190734863,12.273099899291992,44.1563720703125
10.8100004196167,11.842662811279297,45.38331604003906
10.819999694824219,11.336572647094727,47.16134262084961
10.829999923706055,10.527873039245605,49.01475143432617
10.84000015258789,9.914825439453125,49.89337158203125
10.850000381469727,9.526127815246582,51.068321228027344
10.859999656677246,9.236560821533203,52.28226852416992
10.869999885559082,8.832210540771484,52.53441619873047
10.880000114440918,8.42785930633545,53.0984992980957
10.890000343322754,8.086118698120117,53.66257858276367
10.899999618530273,7.345244407653809,54.10188674926758
10.90999984741211,6.213063716888428,54.46581268310547
10.920000076293945,5.080883026123047,54.949310302734375
10.930000305175781,3.8678321838378906,55.43280792236328
10.9399995803833,3.07478404045105,55.61737060546875
10.949999809265137,2.38869309425354,55.73694610595703
10.960000038146973,1.715645432472229,55.734344482421875
10.970000267028809,1.2304251194000244,55.17026138305664
10.979999542236328,0.9017274379730225,55.30803298950195
10.989999771118164,0.23389731347560883,54.61137771606445
11,-0.538281261920929,54.29164505004883
11.010000228881836,-1.3443729877471924,54.40342330932617
11.020000457763672,-2.4765539169311523,52.63059616088867
11.029999732971191,-3.8356924057006836,52.21467971801758
11.039999961853027,-4.881785869598389,51.34646224975586
11.050000190734863,-5.533963680267334,50.590023040771484
11.0600004196167,-5.870487689971924,50.3222770690918
11.069999694824219,-6.274837493896484,49.91936111450195
11.079999923706055,-6.460056304931641,49.73480224609375
11.09000015258789,-7.039190292358398,49.52164840698242
11.100000381469727,-7.691368103027344,48.9991569519043
11.109999656677246,-8.147891998291016,48.104942321777344
11.119999885559082,-8.95659351348877,47.702030181884766
11.130000114440918,-9.624423027038574,46.66744613647461
11.140000343322754,-10.32094955444336,46.230735778808594
11.149999618530273,-10.876604080200195,45.80182647705078
11.15999984741211,-11.142693519592285,44.65546798706055
11.170000076293945,-11.627913475036621,44.09138488769531
11.180000305175781,-11.9774808883667,43.18937301635742
11.1899995803833,-12.066177368164062,43.0178108215332
11.199999809265137,-12.141830444335938,43.52470397949219
11.210000038146973,-12.499223709106445,44.16157150268555
11.220000267028809,-12.175742149353027,43.51690673828125
11.229999542236328,-12.504440307617188,43.78205108642578
11.239999771118164,-12.679224014282227,43.64687728881836
11.25,-12.551397323608398,43.23616409301758
11.260000228881836,-12.334874153137207,43.386932373046875
11.270000457763672,-12.900964736938477,43.225765228271484
11.279999732971191,-13.216618537902832,43.06460189819336
11.289999961853027,-13.417490005493164,42.65388870239258
11.300000190734863,-13.474881172180176,42.009220123291016
11.3100004196167,-13.232271194458008,41.36455535888672
